matriz,linhas,colunas,versao,trabalhadores,repeticao,tempo_ms,objetos,resultado_correto
grande,6000,6000,sequencial,1,1,1369.209,263877,true
grande,6000,6000,paralela,1,1,1552.033,263877,true
grande,6000,6000,paralela,2,1,749.151,263877,true
grande,6000,6000,paralela,4,1,741.498,263877,true
grande,6000,6000,paralela,8,1,710.647,263877,true
grande,6000,6000,sequencial,1,2,1369.338,263877,true
grande,6000,6000,paralela,1,2,1431.367,263877,true
grande,6000,6000,paralela,2,2,728.726,263877,true
grande,6000,6000,paralela,4,2,747.976,263877,true
grande,6000,6000,paralela,8,2,743.804,263877,true
grande,6000,6000,sequencial,1,3,1445.036,263877,true
grande,6000,6000,paralela,1,3,1543.716,263877,true
grande,6000,6000,paralela,2,3,778.693,263877,true
grande,6000,6000,paralela,4,3,759.623,263877,true
grande,6000,6000,paralela,8,3,722.640,263877,true
grande,6000,6000,sequencial,1,4,1339.672,263877,true
grande,6000,6000,paralela,1,4,1470.876,263877,true
grande,6000,6000,paralela,2,4,742.373,263877,true
grande,6000,6000,paralela,4,4,724.856,263877,true
grande,6000,6000,paralela,8,4,718.836,263877,true
grande,6000,6000,sequencial,1,5,1378.300,263877,true
grande,6000,6000,paralela,1,5,1398.275,263877,true
grande,6000,6000,paralela,2,5,760.740,263877,true
grande,6000,6000,paralela,4,5,741.260,263877,true
grande,6000,6000,paralela,8,5,714.741,263877,true
grande,6000,6000,sequencial,1,6,1336.485,263877,true
grande,6000,6000,paralela,1,6,1488.974,263877,true
grande,6000,6000,paralela,2,6,723.148,263877,true
grande,6000,6000,paralela,4,6,730.470,263877,true
grande,6000,6000,paralela,8,6,718.572,263877,true
grande,6000,6000,sequencial,1,7,1355.645,263877,true
grande,6000,6000,paralela,1,7,1418.956,263877,true
grande,6000,6000,paralela,2,7,718.057,263877,true
grande,6000,6000,paralela,4,7,723.770,263877,true
grande,6000,6000,paralela,8,7,714.013,263877,true
grande,6000,6000,sequencial,1,8,1437.971,263877,true
grande,6000,6000,paralela,1,8,1657.104,263877,true
grande,6000,6000,paralela,2,8,818.156,263877,true
grande,6000,6000,paralela,4,8,711.036,263877,true
grande,6000,6000,paralela,8,8,688.256,263877,true
grande,6000,6000,sequencial,1,9,1349.038,263877,true
grande,6000,6000,paralela,1,9,1444.166,263877,true
grande,6000,6000,paralela,2,9,713.525,263877,true
grande,6000,6000,paralela,4,9,722.482,263877,true
grande,6000,6000,paralela,8,9,738.316,263877,true
grande,6000,6000,sequencial,1,10,1361.448,263877,true
grande,6000,6000,paralela,1,10,1392.516,263877,true
grande,6000,6000,paralela,2,10,842.904,263877,true
grande,6000,6000,paralela,4,10,717.435,263877,true
grande,6000,6000,paralela,8,10,737.920,263877,true
pequena,200,200,sequencial,1,1,1.817,278,true
pequena,200,200,paralela,1,1,2.176,278,true
pequena,200,200,paralela,2,1,1.108,278,true
pequena,200,200,paralela,4,1,1.265,278,true
pequena,200,200,paralela,8,1,1.581,278,true
pequena,200,200,sequencial,1,2,1.442,278,true
pequena,200,200,paralela,1,2,2.058,278,true
pequena,200,200,paralela,2,2,1.186,278,true
pequena,200,200,paralela,4,2,1.300,278,true
pequena,200,200,paralela,8,2,1.484,278,true
pequena,200,200,sequencial,1,3,1.586,278,true
pequena,200,200,paralela,1,3,1.682,278,true
pequena,200,200,paralela,2,3,1.001,278,true
pequena,200,200,paralela,4,3,1.201,278,true
pequena,200,200,paralela,8,3,1.446,278,true
pequena,200,200,sequencial,1,4,1.700,278,true
pequena,200,200,paralela,1,4,1.831,278,true
pequena,200,200,paralela,2,4,1.049,278,true
pequena,200,200,paralela,4,4,1.190,278,true
pequena,200,200,paralela,8,4,1.532,278,true
pequena,200,200,sequencial,1,5,1.504,278,true
pequena,200,200,paralela,1,5,1.890,278,true
pequena,200,200,paralela,2,5,1.164,278,true
pequena,200,200,paralela,4,5,1.241,278,true
pequena,200,200,paralela,8,5,1.619,278,true
pequena,200,200,sequencial,1,6,1.636,278,true
pequena,200,200,paralela,1,6,2.021,278,true
pequena,200,200,paralela,2,6,1.246,278,true
pequena,200,200,paralela,4,6,1.339,278,true
pequena,200,200,paralela,8,6,1.977,278,true
pequena,200,200,sequencial,1,7,2.176,278,true
pequena,200,200,paralela,1,7,1.821,278,true
pequena,200,200,paralela,2,7,1.341,278,true
pequena,200,200,paralela,4,7,1.359,278,true
pequena,200,200,paralela,8,7,1.643,278,true
pequena,200,200,sequencial,1,8,1.944,278,true
pequena,200,200,paralela,1,8,1.737,278,true
pequena,200,200,paralela,2,8,1.095,278,true
pequena,200,200,paralela,4,8,1.237,278,true
pequena,200,200,paralela,8,8,1.259,278,true
pequena,200,200,sequencial,1,9,1.436,278,true
pequena,200,200,paralela,1,9,1.782,278,true
pequena,200,200,paralela,2,9,1.209,278,true
pequena,200,200,paralela,4,9,1.234,278,true
pequena,200,200,paralela,8,9,1.544,278,true
pequena,200,200,sequencial,1,10,1.521,278,true
pequena,200,200,paralela,1,10,1.729,278,true
pequena,200,200,paralela,2,10,1.016,278,true
pequena,200,200,paralela,4,10,1.179,278,true
pequena,200,200,paralela,8,10,1.437,278,true
