matriz,versao,trabalhadores,n,mediana_ms,q1_ms,q3_ms,iqr_ms,min_ms,max_ms,aceleracao,eficiencia
grande,sequencial,1,10,1365.329,1350.690,1376.059,25.370,1336.485,1445.036,1.000,1.000
grande,paralela,1,10,1457.521,1422.059,1530.030,107.972,1392.516,1657.104,0.937,0.937
grande,paralela,2,10,745.762,724.543,774.205,49.662,713.525,842.904,1.831,0.915
grande,paralela,4,10,727.663,722.804,741.438,18.635,711.036,759.623,1.876,0.469
grande,paralela,8,10,718.704,714.195,734.100,19.905,688.256,743.804,1.900,0.237
pequena,sequencial,1,10,1.611,1.508,1.788,0.279,1.436,2.176,1.000,1.000
pequena,paralela,1,10,1.826,1.748,1.988,0.240,1.682,2.176,0.882,0.882
pequena,paralela,2,10,1.136,1.060,1.203,0.143,1.001,1.341,1.418,0.709
pequena,paralela,4,10,1.239,1.209,1.291,0.082,1.179,1.359,1.300,0.325
pequena,paralela,8,10,1.538,1.456,1.610,0.154,1.259,1.977,1.047,0.131
